decade,metric,morans_i,expected_i,variance,z_score,p_value
2000,missing_per_100k,0.219775,-0.00081,7.2e-05,26.0538,0.001
2000,bodies_per_100k,0.003289,-0.00081,7.2e-05,0.4841,0.027
2010,missing_per_100k,0.0253,-0.000693,5.1e-05,3.6305,0.002
2010,bodies_per_100k,0.006706,-0.000693,5.1e-05,1.0335,0.027
2020,missing_per_100k,0.008705,-0.000795,6.9e-05,1.1401,0.008
2020,bodies_per_100k,0.01319,-0.000795,6.9e-05,1.6783,0.022
