decade,metric,morans_i,expected_i,variance,z_score,p_value
2000,missing_per_100k,0.219606,-0.00081,7.2e-05,26.0339,0.001
2000,bodies_per_100k,0.003286,-0.00081,7.2e-05,0.4838,0.024
2010,missing_per_100k,0.025283,-0.000693,5.1e-05,3.6282,0.005
2010,bodies_per_100k,0.006701,-0.000693,5.1e-05,1.0329,0.026
2020,missing_per_100k,0.008699,-0.000796,6.9e-05,1.1394,0.007
2020,bodies_per_100k,0.013179,-0.000796,6.9e-05,1.6771,0.021
