test,statistic,p_value,dof
Chi-squared (MP),1161.8911917098446,5.274985787082277e-249,5.0
Chi-squared (Bodies),5169.218581968238,0.0,5.0
Kruskal-Wallis (MP),79.12147417607088,1.2811823321197697e-15,
Kruskal-Wallis (Bodies),200.65091683770672,2.0614105366443877e-41,
